Publikationsjahr,Indikator_Nr,jahr_num,jahr_char,Wert,Indikator_Name,IndikatorLabelShort,Wohnviertel_id,Wohnviertel,Rang,Indikator-Kategorie,Gewichtung_Text,Bewertung_Text,Einheit,wert_txt
2024,1,2023,2023,0.015,Sozialhilfequote,Anteil Sozialhilfeempfänger,1,Altstadt Grossbasel,2,Gesellschaft und Soziales,Der Anteil Sozialhilfeempfänger ist für mich,Ein hoher Anteil Sozialhilfeempfänger ist für mich,,"1,5%"
2024,1,2023,2023,0.03,Sozialhilfequote,Anteil Sozialhilfeempfänger,2,Vorstädte,9,Gesellschaft und Soziales,Der Anteil Sozialhilfeempfänger ist für mich,Ein hoher Anteil Sozialhilfeempfänger ist für mich,,  3%
2024,1,2023,2023,0.026,Sozialhilfequote,Anteil Sozialhilfeempfänger,3,Am Ring,8,Gesellschaft und Soziales,Der Anteil Sozialhilfeempfänger ist für mich,Ein hoher Anteil Sozialhilfeempfänger ist für mich,,"2,6%"
2024,1,2023,2023,0.042,Sozialhilfequote,Anteil Sozialhilfeempfänger,4,Breite,12,Gesellschaft und Soziales,Der Anteil Sozialhilfeempfänger ist für mich,Ein hoher Anteil Sozialhilfeempfänger ist für mich,,"4,2%"
2024,1,2023,2023,0.023,Sozialhilfequote,Anteil Sozialhilfeempfänger,5,St. Alban,5,Gesellschaft und Soziales,Der Anteil Sozialhilfeempfänger ist für mich,Ein hoher Anteil Sozialhilfeempfänger ist für mich,,"2,3%"
2024,1,2023,2023,0.046,Sozialhilfequote,Anteil Sozialhilfeempfänger,6,Gundeldingen,13,Gesellschaft und Soziales,Der Anteil Sozialhilfeempfänger ist für mich,Ein hoher Anteil Sozialhilfeempfänger ist für mich,,"4,6%"
2024,1,2023,2023,0.012,Sozialhilfequote,Anteil Sozialhilfeempfänger,7,Bruderholz,1,Gesellschaft und Soziales,Der Anteil Sozialhilfeempfänger ist für mich,Ein hoher Anteil Sozialhilfeempfänger ist für mich,,"1,2%"
2024,1,2023,2023,0.018,Sozialhilfequote,Anteil Sozialhilfeempfänger,8,Bachletten,3,Gesellschaft und Soziales,Der Anteil Sozialhilfeempfänger ist für mich,Ein hoher Anteil Sozialhilfeempfänger ist für mich,,"1,8%"
2024,1,2023,2023,0.032,Sozialhilfequote,Anteil Sozialhilfeempfänger,9,Gotthelf,10,Gesellschaft und Soziales,Der Anteil Sozialhilfeempfänger ist für mich,Ein hoher Anteil Sozialhilfeempfänger ist für mich,,"3,2%"
2024,1,2023,2023,0.071,Sozialhilfequote,Anteil Sozialhilfeempfänger,10,Iselin,19,Gesellschaft und Soziales,Der Anteil Sozialhilfeempfänger ist für mich,Ein hoher Anteil Sozialhilfeempfänger ist für mich,,"7,1%"
2024,1,2023,2023,0.061,Sozialhilfequote,Anteil Sozialhilfeempfänger,11,St. Johann,17,Gesellschaft und Soziales,Der Anteil Sozialhilfeempfänger ist für mich,Ein hoher Anteil Sozialhilfeempfänger ist für mich,,"6,1%"
2024,1,2023,2023,0.053,Sozialhilfequote,Anteil Sozialhilfeempfänger,12,Altstadt Kleinbasel,15,Gesellschaft und Soziales,Der Anteil Sozialhilfeempfänger ist für mich,Ein hoher Anteil Sozialhilfeempfänger ist für mich,,"5,3%"
2024,1,2023,2023,0.054,Sozialhilfequote,Anteil Sozialhilfeempfänger,13,Clara,16,Gesellschaft und Soziales,Der Anteil Sozialhilfeempfänger ist für mich,Ein hoher Anteil Sozialhilfeempfänger ist für mich,,"5,4%"
2024,1,2023,2023,0.019,Sozialhilfequote,Anteil Sozialhilfeempfänger,14,Wettstein,4,Gesellschaft und Soziales,Der Anteil Sozialhilfeempfänger ist für mich,Ein hoher Anteil Sozialhilfeempfänger ist für mich,,"1,9%"
2024,1,2023,2023,0.038,Sozialhilfequote,Anteil Sozialhilfeempfänger,15,Hirzbrunnen,11,Gesellschaft und Soziales,Der Anteil Sozialhilfeempfänger ist für mich,Ein hoher Anteil Sozialhilfeempfänger ist für mich,,"3,8%"
2024,1,2023,2023,0.061,Sozialhilfequote,Anteil Sozialhilfeempfänger,16,Rosental,17,Gesellschaft und Soziales,Der Anteil Sozialhilfeempfänger ist für mich,Ein hoher Anteil Sozialhilfeempfänger ist für mich,,"6,1%"
2024,1,2023,2023,0.083,Sozialhilfequote,Anteil Sozialhilfeempfänger,17,Matthäus,20,Gesellschaft und Soziales,Der Anteil Sozialhilfeempfänger ist für mich,Ein hoher Anteil Sozialhilfeempfänger ist für mich,,"8,3%"
2024,1,2023,2023,0.098,Sozialhilfequote,Anteil Sozialhilfeempfänger,18,Klybeck,21,Gesellschaft und Soziales,Der Anteil Sozialhilfeempfänger ist für mich,Ein hoher Anteil Sozialhilfeempfänger ist für mich,,"9,8%"
2024,1,2023,2023,0.098,Sozialhilfequote,Anteil Sozialhilfeempfänger,19,Kleinhüningen,21,Gesellschaft und Soziales,Der Anteil Sozialhilfeempfänger ist für mich,Ein hoher Anteil Sozialhilfeempfänger ist für mich,,"9,8%"
2024,1,2023,2023,0.025,Sozialhilfequote,Anteil Sozialhilfeempfänger,20,Riehen,7,Gesellschaft und Soziales,Der Anteil Sozialhilfeempfänger ist für mich,Ein hoher Anteil Sozialhilfeempfänger ist für mich,,"2,5%"
2024,1,2023,2023,0.024,Sozialhilfequote,Anteil Sozialhilfeempfänger,30,Bettingen,6,Gesellschaft und Soziales,Der Anteil Sozialhilfeempfänger ist für mich,Ein hoher Anteil Sozialhilfeempfänger ist für mich,,"2,4%"
2024,1,2023,2023,0.0484,Sozialhilfequote,Anteil Sozialhilfeempfänger,99,Kanton Basel-Stadt,14,Gesellschaft und Soziales,Der Anteil Sozialhilfeempfänger ist für mich,Ein hoher Anteil Sozialhilfeempfänger ist für mich,,"4,84%"
2024,2,2023,2023,0.3221206581,Auslaenderanteil,Anteil Ausländer,1,Altstadt Grossbasel,7,Gesellschaft und Soziales,Der Anteil Ausländer ist für mich,Ein hoher Anteil Ausländer ist für mich,,"32,2%"
2024,2,2023,2023,0.429787234,Auslaenderanteil,Anteil Ausländer,2,Vorstädte,17,Gesellschaft und Soziales,Der Anteil Ausländer ist für mich,Ein hoher Anteil Ausländer ist für mich,, 43%
2024,2,2023,2023,0.4030939615,Auslaenderanteil,Anteil Ausländer,3,Am Ring,14,Gesellschaft und Soziales,Der Anteil Ausländer ist für mich,Ein hoher Anteil Ausländer ist für mich,,"40,3%"
2024,2,2023,2023,0.37598702,Auslaenderanteil,Anteil Ausländer,4,Breite,9,Gesellschaft und Soziales,Der Anteil Ausländer ist für mich,Ein hoher Anteil Ausländer ist für mich,,"37,6%"
2024,2,2023,2023,0.3849047543,Auslaenderanteil,Anteil Ausländer,5,St. Alban,11,Gesellschaft und Soziales,Der Anteil Ausländer ist für mich,Ein hoher Anteil Ausländer ist für mich,,"38,5%"
2024,2,2023,2023,0.4143520963,Auslaenderanteil,Anteil Ausländer,6,Gundeldingen,15,Gesellschaft und Soziales,Der Anteil Ausländer ist für mich,Ein hoher Anteil Ausländer ist für mich,,"41,4%"
2024,2,2023,2023,0.2530921942,Auslaenderanteil,Anteil Ausländer,7,Bruderholz,3,Gesellschaft und Soziales,Der Anteil Ausländer ist für mich,Ein hoher Anteil Ausländer ist für mich,,"25,3%"
2024,2,2023,2023,0.2373164704,Auslaenderanteil,Anteil Ausländer,8,Bachletten,1,Gesellschaft und Soziales,Der Anteil Ausländer ist für mich,Ein hoher Anteil Ausländer ist für mich,,"23,7%"
2024,2,2023,2023,0.3081172971,Auslaenderanteil,Anteil Ausländer,9,Gotthelf,6,Gesellschaft und Soziales,Der Anteil Ausländer ist für mich,Ein hoher Anteil Ausländer ist für mich,,"30,8%"
2024,2,2023,2023,0.401856018,Auslaenderanteil,Anteil Ausländer,10,Iselin,12,Gesellschaft und Soziales,Der Anteil Ausländer ist für mich,Ein hoher Anteil Ausländer ist für mich,,"40,2%"
2024,2,2023,2023,0.4290261307,Auslaenderanteil,Anteil Ausländer,11,St. Johann,16,Gesellschaft und Soziales,Der Anteil Ausländer ist für mich,Ein hoher Anteil Ausländer ist für mich,,"42,9%"
2024,2,2023,2023,0.4026872964,Auslaenderanteil,Anteil Ausländer,12,Altstadt Kleinbasel,13,Gesellschaft und Soziales,Der Anteil Ausländer ist für mich,Ein hoher Anteil Ausländer ist für mich,,"40,3%"
2024,2,2023,2023,0.5108175814,Auslaenderanteil,Anteil Ausländer,13,Clara,19,Gesellschaft und Soziales,Der Anteil Ausländer ist für mich,Ein hoher Anteil Ausländer ist für mich,,"51,1%"
2024,2,2023,2023,0.3359266943,Auslaenderanteil,Anteil Ausländer,14,Wettstein,8,Gesellschaft und Soziales,Der Anteil Ausländer ist für mich,Ein hoher Anteil Ausländer ist für mich,,"33,6%"
2024,2,2023,2023,0.2776094452,Auslaenderanteil,Anteil Ausländer,15,Hirzbrunnen,4,Gesellschaft und Soziales,Der Anteil Ausländer ist für mich,Ein hoher Anteil Ausländer ist für mich,,"27,8%"
2024,2,2023,2023,0.576362241,Auslaenderanteil,Anteil Ausländer,16,Rosental,22,Gesellschaft und Soziales,Der Anteil Ausländer ist für mich,Ein hoher Anteil Ausländer ist für mich,,"57,6%"
2024,2,2023,2023,0.5033946345,Auslaenderanteil,Anteil Ausländer,17,Matthäus,18,Gesellschaft und Soziales,Der Anteil Ausländer ist für mich,Ein hoher Anteil Ausländer ist für mich,,"50,3%"
2024,2,2023,2023,0.5313125536,Auslaenderanteil,Anteil Ausländer,18,Klybeck,21,Gesellschaft und Soziales,Der Anteil Ausländer ist für mich,Ein hoher Anteil Ausländer ist für mich,,"53,1%"
2024,2,2023,2023,0.5169731259,Auslaenderanteil,Anteil Ausländer,19,Kleinhüningen,20,Gesellschaft und Soziales,Der Anteil Ausländer ist für mich,Ein hoher Anteil Ausländer ist für mich,,"51,7%"
2024,2,2023,2023,0.2937524941,Auslaenderanteil,Anteil Ausländer,20,Riehen,5,Gesellschaft und Soziales,Der Anteil Ausländer ist für mich,Ein hoher Anteil Ausländer ist für mich,,"29,4%"
2024,2,2023,2023,0.251324754,Auslaenderanteil,Anteil Ausländer,30,Bettingen,2,Gesellschaft und Soziales,Der Anteil Ausländer ist für mich,Ein hoher Anteil Ausländer ist für mich,,"25,1%"
2024,2,2023,2023,0.384,Auslaenderanteil,Anteil Ausländer,99,Kanton Basel-Stadt,10,Gesellschaft und Soziales,Der Anteil Ausländer ist für mich,Ein hoher Anteil Ausländer ist für mich,,"38,4%"
2024,4,2023,2023,0.3342709798,Anteileinpersonenhh,Anteil Personen in Einpersonenhaushalten,1,Altstadt Grossbasel,21,Gesellschaft und Soziales,Der Anteil Personen in Einpersonenhaushalten ist für mich,Ein hoher Anteil Personen in Einpersonenhaushalten ist für mich,,"33,4%"
2024,4,2023,2023,0.3193005181,Anteileinpersonenhh,Anteil Personen in Einpersonenhaushalten,2,Vorstädte,20,Gesellschaft und Soziales,Der Anteil Personen in Einpersonenhaushalten ist für mich,Ein hoher Anteil Personen in Einpersonenhaushalten ist für mich,,"31,9%"
2024,4,2023,2023,0.2701050621,Anteileinpersonenhh,Anteil Personen in Einpersonenhaushalten,3,Am Ring,13,Gesellschaft und Soziales,Der Anteil Personen in Einpersonenhaushalten ist für mich,Ein hoher Anteil Personen in Einpersonenhaushalten ist für mich,, 27%
2024,4,2023,2023,0.2830188679,Anteileinpersonenhh,Anteil Personen in Einpersonenhaushalten,4,Breite,16,Gesellschaft und Soziales,Der Anteil Personen in Einpersonenhaushalten ist für mich,Ein hoher Anteil Personen in Einpersonenhaushalten ist für mich,,"28,3%"
2024,4,2023,2023,0.229033064,Anteileinpersonenhh,Anteil Personen in Einpersonenhaushalten,5,St. Alban,7,Gesellschaft und Soziales,Der Anteil Personen in Einpersonenhaushalten ist für mich,Ein hoher Anteil Personen in Einpersonenhaushalten ist für mich,,"22,9%"
2024,4,2023,2023,0.2925081433,Anteileinpersonenhh,Anteil Personen in Einpersonenhaushalten,6,Gundeldingen,18,Gesellschaft und Soziales,Der Anteil Personen in Einpersonenhaushalten ist für mich,Ein hoher Anteil Personen in Einpersonenhaushalten ist für mich,,"29,3%"
2024,4,2023,2023,0.1434469617,Anteileinpersonenhh,Anteil Personen in Einpersonenhaushalten,7,Bruderholz,2,Gesellschaft und Soziales,Der Anteil Personen in Einpersonenhaushalten ist für mich,Ein hoher Anteil Personen in Einpersonenhaushalten ist für mich,,"14,3%"
2024,4,2023,2023,0.2156153051,Anteileinpersonenhh,Anteil Personen in Einpersonenhaushalten,8,Bachletten,6,Gesellschaft und Soziales,Der Anteil Personen in Einpersonenhaushalten ist für mich,Ein hoher Anteil Personen in Einpersonenhaushalten ist für mich,,"21,6%"
2024,4,2023,2023,0.2914079422,Anteileinpersonenhh,Anteil Personen in Einpersonenhaushalten,9,Gotthelf,17,Gesellschaft und Soziales,Der Anteil Personen in Einpersonenhaushalten ist für mich,Ein hoher Anteil Personen in Einpersonenhaushalten ist für mich,,"29,1%"
2024,4,2023,2023,0.2778893031,Anteileinpersonenhh,Anteil Personen in Einpersonenhaushalten,10,Iselin,14,Gesellschaft und Soziales,Der Anteil Personen in Einpersonenhaushalten ist für mich,Ein hoher Anteil Personen in Einpersonenhaushalten ist für mich,,"27,8%"
2024,4,2023,2023,0.2372414538,Anteileinpersonenhh,Anteil Personen in Einpersonenhaushalten,11,St. Johann,9,Gesellschaft und Soziales,Der Anteil Personen in Einpersonenhaushalten ist für mich,Ein hoher Anteil Personen in Einpersonenhaushalten ist für mich,,"23,7%"
2024,4,2023,2023,0.3525054466,Anteileinpersonenhh,Anteil Personen in Einpersonenhaushalten,12,Altstadt Kleinbasel,22,Gesellschaft und Soziales,Der Anteil Personen in Einpersonenhaushalten ist für mich,Ein hoher Anteil Personen in Einpersonenhaushalten ist für mich,,"35,3%"
2024,4,2023,2023,0.3059194566,Anteileinpersonenhh,Anteil Personen in Einpersonenhaushalten,13,Clara,19,Gesellschaft und Soziales,Der Anteil Personen in Einpersonenhaushalten ist für mich,Ein hoher Anteil Personen in Einpersonenhaushalten ist für mich,,"30,6%"
2024,4,2023,2023,0.2664023071,Anteileinpersonenhh,Anteil Personen in Einpersonenhaushalten,14,Wettstein,12,Gesellschaft und Soziales,Der Anteil Personen in Einpersonenhaushalten ist für mich,Ein hoher Anteil Personen in Einpersonenhaushalten ist für mich,,"26,6%"
2024,4,2023,2023,0.1975913887,Anteileinpersonenhh,Anteil Personen in Einpersonenhaushalten,15,Hirzbrunnen,4,Gesellschaft und Soziales,Der Anteil Personen in Einpersonenhaushalten ist für mich,Ein hoher Anteil Personen in Einpersonenhaushalten ist für mich,,"19,8%"
2024,4,2023,2023,0.2345162596,Anteileinpersonenhh,Anteil Personen in Einpersonenhaushalten,16,Rosental,8,Gesellschaft und Soziales,Der Anteil Personen in Einpersonenhaushalten ist für mich,Ein hoher Anteil Personen in Einpersonenhaushalten ist für mich,,"23,5%"
2024,4,2023,2023,0.2785967786,Anteileinpersonenhh,Anteil Personen in Einpersonenhaushalten,17,Matthäus,15,Gesellschaft und Soziales,Der Anteil Personen in Einpersonenhaushalten ist für mich,Ein hoher Anteil Personen in Einpersonenhaushalten ist für mich,,"27,9%"
2024,4,2023,2023,0.2501834189,Anteileinpersonenhh,Anteil Personen in Einpersonenhaushalten,18,Klybeck,11,Gesellschaft und Soziales,Der Anteil Personen in Einpersonenhaushalten ist für mich,Ein hoher Anteil Personen in Einpersonenhaushalten ist für mich,, 25%
2024,4,2023,2023,0.2133580705,Anteileinpersonenhh,Anteil Personen in Einpersonenhaushalten,19,Kleinhüningen,5,Gesellschaft und Soziales,Der Anteil Personen in Einpersonenhaushalten ist für mich,Ein hoher Anteil Personen in Einpersonenhaushalten ist für mich,,"21,3%"
2024,4,2023,2023,0.1663577596,Anteileinpersonenhh,Anteil Personen in Einpersonenhaushalten,20,Riehen,3,Gesellschaft und Soziales,Der Anteil Personen in Einpersonenhaushalten ist für mich,Ein hoher Anteil Personen in Einpersonenhaushalten ist für mich,,"16,6%"
2024,4,2023,2023,0.1251015435,Anteileinpersonenhh,Anteil Personen in Einpersonenhaushalten,30,Bettingen,1,Gesellschaft und Soziales,Der Anteil Personen in Einpersonenhaushalten ist für mich,Ein hoher Anteil Personen in Einpersonenhaushalten ist für mich,,"12,5%"
2024,4,2023,2023,0.244,Anteileinpersonenhh,Anteil Personen in Einpersonenhaushalten,99,Kanton Basel-Stadt,10,Gesellschaft und Soziales,Der Anteil Personen in Einpersonenhaushalten ist für mich,Ein hoher Anteil Personen in Einpersonenhaushalten ist für mich,,"24,4%"
2024,5,2023,2023,0.4286,Gymnasialquote,Gymnasialquote,1,Altstadt Grossbasel,13,Gesellschaft und Soziales,Die Gymnasialquote ist für mich,Eine hohe Gymnasialquote ist für mich,,"42,9%"
2024,5,2023,2023,0.4783,Gymnasialquote,Gymnasialquote,2,Vorstädte,18,Gesellschaft und Soziales,Die Gymnasialquote ist für mich,Eine hohe Gymnasialquote ist für mich,,"47,8%"
2024,5,2023,2023,0.5372,Gymnasialquote,Gymnasialquote,3,Am Ring,19,Gesellschaft und Soziales,Die Gymnasialquote ist für mich,Eine hohe Gymnasialquote ist für mich,,"53,7%"
2024,5,2023,2023,0.313,Gymnasialquote,Gymnasialquote,4,Breite,10,Gesellschaft und Soziales,Die Gymnasialquote ist für mich,Eine hohe Gymnasialquote ist für mich,,"31,3%"
2024,5,2023,2023,0.4404,Gymnasialquote,Gymnasialquote,5,St. Alban,14,Gesellschaft und Soziales,Die Gymnasialquote ist für mich,Eine hohe Gymnasialquote ist für mich,, 44%
2024,5,2023,2023,0.2308,Gymnasialquote,Gymnasialquote,6,Gundeldingen,3,Gesellschaft und Soziales,Die Gymnasialquote ist für mich,Eine hohe Gymnasialquote ist für mich,,"23,1%"
2024,5,2023,2023,0.587,Gymnasialquote,Gymnasialquote,7,Bruderholz,22,Gesellschaft und Soziales,Die Gymnasialquote ist für mich,Eine hohe Gymnasialquote ist für mich,,"58,7%"
2024,5,2023,2023,0.5498,Gymnasialquote,Gymnasialquote,8,Bachletten,20,Gesellschaft und Soziales,Die Gymnasialquote ist für mich,Eine hohe Gymnasialquote ist für mich,, 55%
2024,5,2023,2023,0.4545,Gymnasialquote,Gymnasialquote,9,Gotthelf,16,Gesellschaft und Soziales,Die Gymnasialquote ist für mich,Eine hohe Gymnasialquote ist für mich,,"45,5%"
2024,5,2023,2023,0.2803,Gymnasialquote,Gymnasialquote,10,Iselin,5,Gesellschaft und Soziales,Die Gymnasialquote ist für mich,Eine hohe Gymnasialquote ist für mich,, 28%
2024,5,2023,2023,0.3313,Gymnasialquote,Gymnasialquote,11,St. Johann,11,Gesellschaft und Soziales,Die Gymnasialquote ist für mich,Eine hohe Gymnasialquote ist für mich,,"33,1%"
2024,5,2023,2023,0.28,Gymnasialquote,Gymnasialquote,12,Altstadt Kleinbasel,4,Gesellschaft und Soziales,Die Gymnasialquote ist für mich,Eine hohe Gymnasialquote ist für mich,, 28%
2024,5,2023,2023,0.2857,Gymnasialquote,Gymnasialquote,13,Clara,6,Gesellschaft und Soziales,Die Gymnasialquote ist für mich,Eine hohe Gymnasialquote ist für mich,,"28,6%"
2024,5,2023,2023,0.5574,Gymnasialquote,Gymnasialquote,14,Wettstein,21,Gesellschaft und Soziales,Die Gymnasialquote ist für mich,Eine hohe Gymnasialquote ist für mich,,"55,7%"
2024,5,2023,2023,0.2995,Gymnasialquote,Gymnasialquote,15,Hirzbrunnen,9,Gesellschaft und Soziales,Die Gymnasialquote ist für mich,Eine hohe Gymnasialquote ist für mich,,"29,9%"
2024,5,2023,2023,0.2906,Gymnasialquote,Gymnasialquote,16,Rosental,8,Gesellschaft und Soziales,Die Gymnasialquote ist für mich,Eine hohe Gymnasialquote ist für mich,,"29,1%"
2024,5,2023,2023,0.2905,Gymnasialquote,Gymnasialquote,17,Matthäus,7,Gesellschaft und Soziales,Die Gymnasialquote ist für mich,Eine hohe Gymnasialquote ist für mich,, 29%
2024,5,2023,2023,0.1024,Gymnasialquote,Gymnasialquote,18,Klybeck,1,Gesellschaft und Soziales,Die Gymnasialquote ist für mich,Eine hohe Gymnasialquote ist für mich,,"10,2%"
2024,5,2023,2023,0.2203,Gymnasialquote,Gymnasialquote,19,Kleinhüningen,2,Gesellschaft und Soziales,Die Gymnasialquote ist für mich,Eine hohe Gymnasialquote ist für mich,, 22%
2024,5,2023,2023,0.4581,Gymnasialquote,Gymnasialquote,20,Riehen,17,Gesellschaft und Soziales,Die Gymnasialquote ist für mich,Eine hohe Gymnasialquote ist für mich,,"45,8%"
2024,5,2023,2023,0.4483,Gymnasialquote,Gymnasialquote,30,Bettingen,15,Gesellschaft und Soziales,Die Gymnasialquote ist für mich,Eine hohe Gymnasialquote ist für mich,,"44,8%"
2024,5,2023,2023,0.38,Gymnasialquote,Gymnasialquote,99,Kanton Basel-Stadt,12,Gesellschaft und Soziales,Die Gymnasialquote ist für mich,Eine hohe Gymnasialquote ist für mich,, 38%
2024,6,2023,2023,0.2919287212,Altersquotient,Altersquotient,1,Altstadt Grossbasel,9,Gesellschaft und Soziales,Der Altersquotient ist für mich,Ein hoher Altersquotient ist für mich,,"0,292"
2024,6,2023,2023,0.3381449631,Altersquotient,Altersquotient,2,Vorstädte,15,Gesellschaft und Soziales,Der Altersquotient ist für mich,Ein hoher Altersquotient ist für mich,,"0,338"
2024,6,2023,2023,0.3077441986,Altersquotient,Altersquotient,3,Am Ring,12,Gesellschaft und Soziales,Der Altersquotient ist für mich,Ein hoher Altersquotient ist für mich,,"0,308"
2024,6,2023,2023,0.3091666667,Altersquotient,Altersquotient,4,Breite,13,Gesellschaft und Soziales,Der Altersquotient ist für mich,Ein hoher Altersquotient ist für mich,,"0,309"
2024,6,2023,2023,0.3902170926,Altersquotient,Altersquotient,5,St. Alban,18,Gesellschaft und Soziales,Der Altersquotient ist für mich,Ein hoher Altersquotient ist für mich,,"0,39"
2024,6,2023,2023,0.2334116933,Altersquotient,Altersquotient,6,Gundeldingen,5,Gesellschaft und Soziales,Der Altersquotient ist für mich,Ein hoher Altersquotient ist für mich,,"0,233"
2024,6,2023,2023,0.4071563089,Altersquotient,Altersquotient,7,Bruderholz,20,Gesellschaft und Soziales,Der Altersquotient ist für mich,Ein hoher Altersquotient ist für mich,,"0,407"
2024,6,2023,2023,0.3712214303,Altersquotient,Altersquotient,8,Bachletten,17,Gesellschaft und Soziales,Der Altersquotient ist für mich,Ein hoher Altersquotient ist für mich,,"0,371"
2024,6,2023,2023,0.3607888631,Altersquotient,Altersquotient,9,Gotthelf,16,Gesellschaft und Soziales,Der Altersquotient ist für mich,Ein hoher Altersquotient ist für mich,,"0,361"
2024,6,2023,2023,0.243385346,Altersquotient,Altersquotient,10,Iselin,6,Gesellschaft und Soziales,Der Altersquotient ist für mich,Ein hoher Altersquotient ist für mich,,"0,243"
2024,6,2023,2023,0.2313123561,Altersquotient,Altersquotient,11,St. Johann,4,Gesellschaft und Soziales,Der Altersquotient ist für mich,Ein hoher Altersquotient ist für mich,,"0,231"
2024,6,2023,2023,0.2857967667,Altersquotient,Altersquotient,12,Altstadt Kleinbasel,8,Gesellschaft und Soziales,Der Altersquotient ist für mich,Ein hoher Altersquotient ist für mich,,"0,286"
2024,6,2023,2023,0.3047007102,Altersquotient,Altersquotient,13,Clara,11,Gesellschaft und Soziales,Der Altersquotient ist für mich,Ein hoher Altersquotient ist für mich,,"0,305"
2024,6,2023,2023,0.2835199167,Altersquotient,Altersquotient,14,Wettstein,7,Gesellschaft und Soziales,Der Altersquotient ist für mich,Ein hoher Altersquotient ist für mich,,"0,284"
2024,6,2023,2023,0.3949796973,Altersquotient,Altersquotient,15,Hirzbrunnen,19,Gesellschaft und Soziales,Der Altersquotient ist für mich,Ein hoher Altersquotient ist für mich,,"0,395"
2024,6,2023,2023,0.1297365572,Altersquotient,Altersquotient,16,Rosental,1,Gesellschaft und Soziales,Der Altersquotient ist für mich,Ein hoher Altersquotient ist für mich,,"0,13"
2024,6,2023,2023,0.2017258977,Altersquotient,Altersquotient,17,Matthäus,2,Gesellschaft und Soziales,Der Altersquotient ist für mich,Ein hoher Altersquotient ist für mich,,"0,202"
2024,6,2023,2023,0.2232142857,Altersquotient,Altersquotient,18,Klybeck,3,Gesellschaft und Soziales,Der Altersquotient ist für mich,Ein hoher Altersquotient ist für mich,,"0,223"
2024,6,2023,2023,0.3166001141,Altersquotient,Altersquotient,19,Kleinhüningen,14,Gesellschaft und Soziales,Der Altersquotient ist für mich,Ein hoher Altersquotient ist für mich,,"0,317"
2024,6,2023,2023,0.4759358289,Altersquotient,Altersquotient,20,Riehen,22,Gesellschaft und Soziales,Der Altersquotient ist für mich,Ein hoher Altersquotient ist für mich,,"0,476"
2024,6,2023,2023,0.4546722455,Altersquotient,Altersquotient,30,Bettingen,21,Gesellschaft und Soziales,Der Altersquotient ist für mich,Ein hoher Altersquotient ist für mich,,"0,455"
2024,6,2023,2023,0.301,Altersquotient,Altersquotient,99,Kanton Basel-Stadt,10,Gesellschaft und Soziales,Der Altersquotient ist für mich,Ein hoher Altersquotient ist für mich,,"0,301"
2024,7,2023,2023,0.305740988,Anteilsesshafte,Anteil Sesshafte,1,Altstadt Grossbasel,8,Gesellschaft und Soziales,Der Anteil Sesshafte ist für mich,Ein hoher Anteil Sesshafte ist für mich,,"30,6%"
2024,7,2023,2023,0.2818642351,Anteilsesshafte,Anteil Sesshafte,2,Vorstädte,3,Gesellschaft und Soziales,Der Anteil Sesshafte ist für mich,Ein hoher Anteil Sesshafte ist für mich,,"28,2%"
2024,7,2023,2023,0.2899709941,Anteilsesshafte,Anteil Sesshafte,3,Am Ring,5,Gesellschaft und Soziales,Der Anteil Sesshafte ist für mich,Ein hoher Anteil Sesshafte ist für mich,, 29%
2024,7,2023,2023,0.3255813953,Anteilsesshafte,Anteil Sesshafte,4,Breite,13,Gesellschaft und Soziales,Der Anteil Sesshafte ist für mich,Ein hoher Anteil Sesshafte ist für mich,,"32,6%"
2024,7,2023,2023,0.2967824556,Anteilsesshafte,Anteil Sesshafte,5,St. Alban,6,Gesellschaft und Soziales,Der Anteil Sesshafte ist für mich,Ein hoher Anteil Sesshafte ist für mich,,"29,7%"
2024,7,2023,2023,0.3084803042,Anteilsesshafte,Anteil Sesshafte,6,Gundeldingen,9,Gesellschaft und Soziales,Der Anteil Sesshafte ist für mich,Ein hoher Anteil Sesshafte ist für mich,,"30,8%"
2024,7,2023,2023,0.4270865814,Anteilsesshafte,Anteil Sesshafte,7,Bruderholz,22,Gesellschaft und Soziales,Der Anteil Sesshafte ist für mich,Ein hoher Anteil Sesshafte ist für mich,,"42,7%"
2024,7,2023,2023,0.404491932,Anteilsesshafte,Anteil Sesshafte,8,Bachletten,19,Gesellschaft und Soziales,Der Anteil Sesshafte ist für mich,Ein hoher Anteil Sesshafte ist für mich,,"40,4%"
2024,7,2023,2023,0.3511828871,Anteilsesshafte,Anteil Sesshafte,9,Gotthelf,16,Gesellschaft und Soziales,Der Anteil Sesshafte ist für mich,Ein hoher Anteil Sesshafte ist für mich,,"35,1%"
2024,7,2023,2023,0.3149606299,Anteilsesshafte,Anteil Sesshafte,10,Iselin,12,Gesellschaft und Soziales,Der Anteil Sesshafte ist für mich,Ein hoher Anteil Sesshafte ist für mich,,"31,5%"
2024,7,2023,2023,0.301350172,Anteilsesshafte,Anteil Sesshafte,11,St. Johann,7,Gesellschaft und Soziales,Der Anteil Sesshafte ist für mich,Ein hoher Anteil Sesshafte ist für mich,,"30,1%"
2024,7,2023,2023,0.2748371336,Anteilsesshafte,Anteil Sesshafte,12,Altstadt Kleinbasel,2,Gesellschaft und Soziales,Der Anteil Sesshafte ist für mich,Ein hoher Anteil Sesshafte ist für mich,,"27,5%"
2024,7,2023,2023,0.2874060578,Anteilsesshafte,Anteil Sesshafte,13,Clara,4,Gesellschaft und Soziales,Der Anteil Sesshafte ist für mich,Ein hoher Anteil Sesshafte ist für mich,,"28,7%"
2024,7,2023,2023,0.3447441217,Anteilsesshafte,Anteil Sesshafte,14,Wettstein,15,Gesellschaft und Soziales,Der Anteil Sesshafte ist für mich,Ein hoher Anteil Sesshafte ist für mich,,"34,5%"
2024,7,2023,2023,0.3847037927,Anteilsesshafte,Anteil Sesshafte,15,Hirzbrunnen,18,Gesellschaft und Soziales,Der Anteil Sesshafte ist für mich,Ein hoher Anteil Sesshafte ist für mich,,"38,5%"
2024,7,2023,2023,0.1913532873,Anteilsesshafte,Anteil Sesshafte,16,Rosental,1,Gesellschaft und Soziales,Der Anteil Sesshafte ist für mich,Ein hoher Anteil Sesshafte ist für mich,,"19,1%"
2024,7,2023,2023,0.3090106124,Anteilsesshafte,Anteil Sesshafte,17,Matthäus,10,Gesellschaft und Soziales,Der Anteil Sesshafte ist für mich,Ein hoher Anteil Sesshafte ist für mich,,"30,9%"
2024,7,2023,2023,0.3144123534,Anteilsesshafte,Anteil Sesshafte,18,Klybeck,11,Gesellschaft und Soziales,Der Anteil Sesshafte ist für mich,Ein hoher Anteil Sesshafte ist für mich,,"31,4%"
2024,7,2023,2023,0.3536067893,Anteilsesshafte,Anteil Sesshafte,19,Kleinhüningen,17,Gesellschaft und Soziales,Der Anteil Sesshafte ist für mich,Ein hoher Anteil Sesshafte ist für mich,,"35,4%"
2024,7,2023,2023,0.4060337178,Anteilsesshafte,Anteil Sesshafte,20,Riehen,20,Gesellschaft und Soziales,Der Anteil Sesshafte ist für mich,Ein hoher Anteil Sesshafte ist für mich,,"40,6%"
2024,7,2023,2023,0.4171732523,Anteilsesshafte,Anteil Sesshafte,30,Bettingen,21,Gesellschaft und Soziales,Der Anteil Sesshafte ist für mich,Ein hoher Anteil Sesshafte ist für mich,,"41,7%"
2024,7,2023,2023,0.332,Anteilsesshafte,Anteil Sesshafte,99,Kanton Basel-Stadt,14,Gesellschaft und Soziales,Der Anteil Sesshafte ist für mich,Ein hoher Anteil Sesshafte ist für mich,,"33,2%"
2024,8,2023,2023,0.141509434,Jugendquotient,Jugendquotient,1,Altstadt Grossbasel,2,Gesellschaft und Soziales,Der Jugendquotient ist für mich,Ein hoher Jugendquotient ist für mich,,"0,142"
2024,8,2023,2023,0.1775184275,Jugendquotient,Jugendquotient,2,Vorstädte,3,Gesellschaft und Soziales,Der Jugendquotient ist für mich,Ein hoher Jugendquotient ist für mich,,"0,178"
2024,8,2023,2023,0.2271991365,Jugendquotient,Jugendquotient,3,Am Ring,8,Gesellschaft und Soziales,Der Jugendquotient ist für mich,Ein hoher Jugendquotient ist für mich,,"0,227"
2024,8,2023,2023,0.2316666667,Jugendquotient,Jugendquotient,4,Breite,9,Gesellschaft und Soziales,Der Jugendquotient ist für mich,Ein hoher Jugendquotient ist für mich,,"0,232"
2024,8,2023,2023,0.3264633141,Jugendquotient,Jugendquotient,5,St. Alban,18,Gesellschaft und Soziales,Der Jugendquotient ist für mich,Ein hoher Jugendquotient ist für mich,,"0,326"
2024,8,2023,2023,0.2026996284,Jugendquotient,Jugendquotient,6,Gundeldingen,5,Gesellschaft und Soziales,Der Jugendquotient ist für mich,Ein hoher Jugendquotient ist für mich,,"0,203"
2024,8,2023,2023,0.4047080979,Jugendquotient,Jugendquotient,7,Bruderholz,21,Gesellschaft und Soziales,Der Jugendquotient ist für mich,Ein hoher Jugendquotient ist für mich,,"0,405"
2024,8,2023,2023,0.3193659376,Jugendquotient,Jugendquotient,8,Bachletten,17,Gesellschaft und Soziales,Der Jugendquotient ist für mich,Ein hoher Jugendquotient ist für mich,,"0,319"
2024,8,2023,2023,0.2770301624,Jugendquotient,Jugendquotient,9,Gotthelf,14,Gesellschaft und Soziales,Der Jugendquotient ist für mich,Ein hoher Jugendquotient ist für mich,,"0,277"
2024,8,2023,2023,0.2644165536,Jugendquotient,Jugendquotient,10,Iselin,12,Gesellschaft und Soziales,Der Jugendquotient ist für mich,Ein hoher Jugendquotient ist für mich,,"0,264"
2024,8,2023,2023,0.2636224098,Jugendquotient,Jugendquotient,11,St. Johann,11,Gesellschaft und Soziales,Der Jugendquotient ist für mich,Ein hoher Jugendquotient ist für mich,,"0,264"
2024,8,2023,2023,0.1322170901,Jugendquotient,Jugendquotient,12,Altstadt Kleinbasel,1,Gesellschaft und Soziales,Der Jugendquotient ist für mich,Ein hoher Jugendquotient ist für mich,,"0,132"
2024,8,2023,2023,0.1802502536,Jugendquotient,Jugendquotient,13,Clara,4,Gesellschaft und Soziales,Der Jugendquotient ist für mich,Ein hoher Jugendquotient ist für mich,,"0,18"
2024,8,2023,2023,0.2223379328,Jugendquotient,Jugendquotient,14,Wettstein,7,Gesellschaft und Soziales,Der Jugendquotient ist für mich,Ein hoher Jugendquotient ist für mich,,"0,222"
2024,8,2023,2023,0.3715393134,Jugendquotient,Jugendquotient,15,Hirzbrunnen,19,Gesellschaft und Soziales,Der Jugendquotient ist für mich,Ein hoher Jugendquotient ist für mich,,"0,372"
2024,8,2023,2023,0.280945507,Jugendquotient,Jugendquotient,16,Rosental,15,Gesellschaft und Soziales,Der Jugendquotient ist für mich,Ein hoher Jugendquotient ist für mich,,"0,281"
2024,8,2023,2023,0.205994247,Jugendquotient,Jugendquotient,17,Matthäus,6,Gesellschaft und Soziales,Der Jugendquotient ist für mich,Ein hoher Jugendquotient ist für mich,,"0,206"
2024,8,2023,2023,0.2636054422,Jugendquotient,Jugendquotient,18,Klybeck,10,Gesellschaft und Soziales,Der Jugendquotient ist für mich,Ein hoher Jugendquotient ist für mich,,"0,264"
2024,8,2023,2023,0.2966343411,Jugendquotient,Jugendquotient,19,Kleinhüningen,16,Gesellschaft und Soziales,Der Jugendquotient ist für mich,Ein hoher Jugendquotient ist für mich,,"0,297"
2024,8,2023,2023,0.408506016,Jugendquotient,Jugendquotient,20,Riehen,22,Gesellschaft und Soziales,Der Jugendquotient ist für mich,Ein hoher Jugendquotient ist für mich,,"0,409"
2024,8,2023,2023,0.3877266388,Jugendquotient,Jugendquotient,30,Bettingen,20,Gesellschaft und Soziales,Der Jugendquotient ist für mich,Ein hoher Jugendquotient ist für mich,,"0,388"
2024,8,2023,2023,0.273,Jugendquotient,Jugendquotient,99,Kanton Basel-Stadt,13,Gesellschaft und Soziales,Der Jugendquotient ist für mich,Ein hoher Jugendquotient ist für mich,,"0,273"
2024,9,2023,2023,1822.93359375,Baujahrwohngebaeude,Baujahr Wohngebäude,1,Altstadt Grossbasel,1,Raum und Umwelt,Das Baujahr der Wohngebäude ist für mich,Ein hohes Baujahr der Wohngebäude ist für mich,,1823
2024,9,2023,2023,1899.336996336996,Baujahrwohngebaeude,Baujahr Wohngebäude,2,Vorstädte,3,Raum und Umwelt,Das Baujahr der Wohngebäude ist für mich,Ein hohes Baujahr der Wohngebäude ist für mich,,1899
2024,9,2023,2023,1921.088926174496,Baujahrwohngebaeude,Baujahr Wohngebäude,3,Am Ring,4,Raum und Umwelt,Das Baujahr der Wohngebäude ist für mich,Ein hohes Baujahr der Wohngebäude ist für mich,,1921
2024,9,2023,2023,1942.375375375375,Baujahrwohngebaeude,Baujahr Wohngebäude,4,Breite,16,Raum und Umwelt,Das Baujahr der Wohngebäude ist für mich,Ein hohes Baujahr der Wohngebäude ist für mich,,1942
2024,9,2023,2023,1940.9942004971,Baujahrwohngebaeude,Baujahr Wohngebäude,5,St. Alban,15,Raum und Umwelt,Das Baujahr der Wohngebäude ist für mich,Ein hohes Baujahr der Wohngebäude ist für mich,,1941
2024,9,2023,2023,1933.05156794425,Baujahrwohngebaeude,Baujahr Wohngebäude,6,Gundeldingen,8,Raum und Umwelt,Das Baujahr der Wohngebäude ist für mich,Ein hohes Baujahr der Wohngebäude ist für mich,,1933
2024,9,2023,2023,1950.195168166745,Baujahrwohngebaeude,Baujahr Wohngebäude,7,Bruderholz,19,Raum und Umwelt,Das Baujahr der Wohngebäude ist für mich,Ein hohes Baujahr der Wohngebäude ist für mich,,1950
2024,9,2023,2023,1934.623805732484,Baujahrwohngebaeude,Baujahr Wohngebäude,8,Bachletten,11,Raum und Umwelt,Das Baujahr der Wohngebäude ist für mich,Ein hohes Baujahr der Wohngebäude ist für mich,,1935
2024,9,2023,2023,1926.068577277379,Baujahrwohngebaeude,Baujahr Wohngebäude,9,Gotthelf,6,Raum und Umwelt,Das Baujahr der Wohngebäude ist für mich,Ein hohes Baujahr der Wohngebäude ist für mich,,1926
2024,9,2023,2023,1938.680384087791,Baujahrwohngebaeude,Baujahr Wohngebäude,10,Iselin,14,Raum und Umwelt,Das Baujahr der Wohngebäude ist für mich,Ein hohes Baujahr der Wohngebäude ist für mich,,1939
2024,9,2023,2023,1934.521172638436,Baujahrwohngebaeude,Baujahr Wohngebäude,11,St. Johann,10,Raum und Umwelt,Das Baujahr der Wohngebäude ist für mich,Ein hohes Baujahr der Wohngebäude ist für mich,,1935
2024,9,2023,2023,1881.503472222222,Baujahrwohngebaeude,Baujahr Wohngebäude,12,Altstadt Kleinbasel,2,Raum und Umwelt,Das Baujahr der Wohngebäude ist für mich,Ein hohes Baujahr der Wohngebäude ist für mich,,1882
2024,9,2023,2023,1929.912698412698,Baujahrwohngebaeude,Baujahr Wohngebäude,13,Clara,7,Raum und Umwelt,Das Baujahr der Wohngebäude ist für mich,Ein hohes Baujahr der Wohngebäude ist für mich,,1930
2024,9,2023,2023,1933.523272214386,Baujahrwohngebaeude,Baujahr Wohngebäude,14,Wettstein,9,Raum und Umwelt,Das Baujahr der Wohngebäude ist für mich,Ein hohes Baujahr der Wohngebäude ist für mich,,1934
2024,9,2023,2023,1942.861895794099,Baujahrwohngebaeude,Baujahr Wohngebäude,15,Hirzbrunnen,17,Raum und Umwelt,Das Baujahr der Wohngebäude ist für mich,Ein hohes Baujahr der Wohngebäude ist für mich,,1943
2024,9,2023,2023,1952.694006309148,Baujahrwohngebaeude,Baujahr Wohngebäude,16,Rosental,20,Raum und Umwelt,Das Baujahr der Wohngebäude ist für mich,Ein hohes Baujahr der Wohngebäude ist für mich,,1953
2024,9,2023,2023,1925.735472679965,Baujahrwohngebaeude,Baujahr Wohngebäude,17,Matthäus,5,Raum und Umwelt,Das Baujahr der Wohngebäude ist für mich,Ein hohes Baujahr der Wohngebäude ist für mich,,1926
2024,9,2023,2023,1938.066361556064,Baujahrwohngebaeude,Baujahr Wohngebäude,18,Klybeck,13,Raum und Umwelt,Das Baujahr der Wohngebäude ist für mich,Ein hohes Baujahr der Wohngebäude ist für mich,,1938
2024,9,2023,2023,1948.082352941176,Baujahrwohngebaeude,Baujahr Wohngebäude,19,Kleinhüningen,18,Raum und Umwelt,Das Baujahr der Wohngebäude ist für mich,Ein hohes Baujahr der Wohngebäude ist für mich,,1948
2024,9,2023,2023,1960.135135135135,Baujahrwohngebaeude,Baujahr Wohngebäude,20,Riehen,21,Raum und Umwelt,Das Baujahr der Wohngebäude ist für mich,Ein hohes Baujahr der Wohngebäude ist für mich,,1960
2024,9,2023,2023,1965.555555555555,Baujahrwohngebaeude,Baujahr Wohngebäude,30,Bettingen,22,Raum und Umwelt,Das Baujahr der Wohngebäude ist für mich,Ein hohes Baujahr der Wohngebäude ist für mich,,1966
2024,9,2023,2023,1936.0,Baujahrwohngebaeude,Baujahr Wohngebäude,99,Kanton Basel-Stadt,12,Raum und Umwelt,Das Baujahr der Wohngebäude ist für mich,Ein hohes Baujahr der Wohngebäude ist für mich,,1936
2024,10,2023,2023,0.1015625,Anteileinfhaeuser,Anteil Einfamilienhäuser,1,Altstadt Grossbasel,8,Raum und Umwelt,Der Anteil Einfamilienhäuser ist für mich,Ein hoher Anteil Einfamilienhäuser ist für mich,,"10,2%"
2024,10,2023,2023,0.07326007326,Anteileinfhaeuser,Anteil Einfamilienhäuser,2,Vorstädte,6,Raum und Umwelt,Der Anteil Einfamilienhäuser ist für mich,Ein hoher Anteil Einfamilienhäuser ist für mich,,"7,33%"
2024,10,2023,2023,0.19043624161,Anteileinfhaeuser,Anteil Einfamilienhäuser,3,Am Ring,12,Raum und Umwelt,Der Anteil Einfamilienhäuser ist für mich,Ein hoher Anteil Einfamilienhäuser ist für mich,, 19%
2024,10,2023,2023,0.129129129129,Anteileinfhaeuser,Anteil Einfamilienhäuser,4,Breite,9,Raum und Umwelt,Der Anteil Einfamilienhäuser ist für mich,Ein hoher Anteil Einfamilienhäuser ist für mich,,"12,9%"
2024,10,2023,2023,0.332228666114,Anteileinfhaeuser,Anteil Einfamilienhäuser,5,St. Alban,14,Raum und Umwelt,Der Anteil Einfamilienhäuser ist für mich,Ein hoher Anteil Einfamilienhäuser ist für mich,,"33,2%"
2024,10,2023,2023,0.027874564459,Anteileinfhaeuser,Anteil Einfamilienhäuser,6,Gundeldingen,2,Raum und Umwelt,Der Anteil Einfamilienhäuser ist für mich,Ein hoher Anteil Einfamilienhäuser ist für mich,,"2,79%"
2024,10,2023,2023,0.722406442444,Anteileinfhaeuser,Anteil Einfamilienhäuser,7,Bruderholz,21,Raum und Umwelt,Der Anteil Einfamilienhäuser ist für mich,Ein hoher Anteil Einfamilienhäuser ist für mich,,"72,2%"
2024,10,2023,2023,0.556130573248,Anteileinfhaeuser,Anteil Einfamilienhäuser,8,Bachletten,18,Raum und Umwelt,Der Anteil Einfamilienhäuser ist für mich,Ein hoher Anteil Einfamilienhäuser ist für mich,,"55,6%"
2024,10,2023,2023,0.363357215967,Anteileinfhaeuser,Anteil Einfamilienhäuser,9,Gotthelf,16,Raum und Umwelt,Der Anteil Einfamilienhäuser ist für mich,Ein hoher Anteil Einfamilienhäuser ist für mich,,"36,3%"
2024,10,2023,2023,0.164609053497,Anteileinfhaeuser,Anteil Einfamilienhäuser,10,Iselin,11,Raum und Umwelt,Der Anteil Einfamilienhäuser ist für mich,Ein hoher Anteil Einfamilienhäuser ist für mich,,"16,5%"
2024,10,2023,2023,0.245602605863,Anteileinfhaeuser,Anteil Einfamilienhäuser,11,St. Johann,13,Raum und Umwelt,Der Anteil Einfamilienhäuser ist für mich,Ein hoher Anteil Einfamilienhäuser ist für mich,,"24,6%"
2024,10,2023,2023,0.097222222222,Anteileinfhaeuser,Anteil Einfamilienhäuser,12,Altstadt Kleinbasel,7,Raum und Umwelt,Der Anteil Einfamilienhäuser ist für mich,Ein hoher Anteil Einfamilienhäuser ist für mich,,"9,72%"
2024,10,2023,2023,0.019841269841,Anteileinfhaeuser,Anteil Einfamilienhäuser,13,Clara,1,Raum und Umwelt,Der Anteil Einfamilienhäuser ist für mich,Ein hoher Anteil Einfamilienhäuser ist für mich,,"1,98%"
2024,10,2023,2023,0.334273624823,Anteileinfhaeuser,Anteil Einfamilienhäuser,14,Wettstein,15,Raum und Umwelt,Der Anteil Einfamilienhäuser ist für mich,Ein hoher Anteil Einfamilienhäuser ist für mich,,"33,4%"
2024,10,2023,2023,0.693032015065,Anteileinfhaeuser,Anteil Einfamilienhäuser,15,Hirzbrunnen,20,Raum und Umwelt,Der Anteil Einfamilienhäuser ist für mich,Ein hoher Anteil Einfamilienhäuser ist für mich,,"69,3%"
2024,10,2023,2023,0.063091482649,Anteileinfhaeuser,Anteil Einfamilienhäuser,16,Rosental,3,Raum und Umwelt,Der Anteil Einfamilienhäuser ist für mich,Ein hoher Anteil Einfamilienhäuser ist für mich,,"6,31%"
2024,10,2023,2023,0.068516912402,Anteileinfhaeuser,Anteil Einfamilienhäuser,17,Matthäus,4,Raum und Umwelt,Der Anteil Einfamilienhäuser ist für mich,Ein hoher Anteil Einfamilienhäuser ist für mich,,"6,85%"
2024,10,2023,2023,0.070938215102,Anteileinfhaeuser,Anteil Einfamilienhäuser,18,Klybeck,5,Raum und Umwelt,Der Anteil Einfamilienhäuser ist für mich,Ein hoher Anteil Einfamilienhäuser ist für mich,,"7,09%"
2024,10,2023,2023,0.15294117647,Anteileinfhaeuser,Anteil Einfamilienhäuser,19,Kleinhüningen,10,Raum und Umwelt,Der Anteil Einfamilienhäuser ist für mich,Ein hoher Anteil Einfamilienhäuser ist für mich,,"15,3%"
2024,10,2023,2023,0.653819036427,Anteileinfhaeuser,Anteil Einfamilienhäuser,20,Riehen,19,Raum und Umwelt,Der Anteil Einfamilienhäuser ist für mich,Ein hoher Anteil Einfamilienhäuser ist für mich,,"65,4%"
2024,10,2023,2023,0.774691358024,Anteileinfhaeuser,Anteil Einfamilienhäuser,30,Bettingen,22,Raum und Umwelt,Der Anteil Einfamilienhäuser ist für mich,Ein hoher Anteil Einfamilienhäuser ist für mich,,"77,5%"
2024,10,2023,2023,0.393,Anteileinfhaeuser,Anteil Einfamilienhäuser,99,Kanton Basel-Stadt,17,Raum und Umwelt,Der Anteil Einfamilienhäuser ist für mich,Ein hoher Anteil Einfamilienhäuser ist für mich,,"39,3%"
2024,11,2023,2023,0.067,Gruenflaechenanteil,Anteil Grünfläche,1,Altstadt Grossbasel,1,Raum und Umwelt,Der Anteil Grünfläche ist für mich,Ein hoher Anteil Grünfläche ist für mich,,"6,7%"
2024,11,2023,2023,0.197,Gruenflaechenanteil,Anteil Grünfläche,2,Vorstädte,8,Raum und Umwelt,Der Anteil Grünfläche ist für mich,Ein hoher Anteil Grünfläche ist für mich,,"19,7%"
2024,11,2023,2023,0.246,Gruenflaechenanteil,Anteil Grünfläche,3,Am Ring,10,Raum und Umwelt,Der Anteil Grünfläche ist für mich,Ein hoher Anteil Grünfläche ist für mich,,"24,6%"
2024,11,2023,2023,0.362,Gruenflaechenanteil,Anteil Grünfläche,4,Breite,15,Raum und Umwelt,Der Anteil Grünfläche ist für mich,Ein hoher Anteil Grünfläche ist für mich,,"36,2%"
2024,11,2023,2023,0.317,Gruenflaechenanteil,Anteil Grünfläche,5,St. Alban,13,Raum und Umwelt,Der Anteil Grünfläche ist für mich,Ein hoher Anteil Grünfläche ist für mich,,"31,7%"
2024,11,2023,2023,0.178,Gruenflaechenanteil,Anteil Grünfläche,6,Gundeldingen,7,Raum und Umwelt,Der Anteil Grünfläche ist für mich,Ein hoher Anteil Grünfläche ist für mich,,"17,8%"
2024,11,2023,2023,0.714,Gruenflaechenanteil,Anteil Grünfläche,7,Bruderholz,20,Raum und Umwelt,Der Anteil Grünfläche ist für mich,Ein hoher Anteil Grünfläche ist für mich,,"71,4%"
2024,11,2023,2023,0.421,Gruenflaechenanteil,Anteil Grünfläche,8,Bachletten,17,Raum und Umwelt,Der Anteil Grünfläche ist für mich,Ein hoher Anteil Grünfläche ist für mich,,"42,1%"
2024,11,2023,2023,0.325,Gruenflaechenanteil,Anteil Grünfläche,9,Gotthelf,14,Raum und Umwelt,Der Anteil Grünfläche ist für mich,Ein hoher Anteil Grünfläche ist für mich,,"32,5%"
2024,11,2023,2023,0.363,Gruenflaechenanteil,Anteil Grünfläche,10,Iselin,16,Raum und Umwelt,Der Anteil Grünfläche ist für mich,Ein hoher Anteil Grünfläche ist für mich,,"36,3%"
2024,11,2023,2023,0.303,Gruenflaechenanteil,Anteil Grünfläche,11,St. Johann,12,Raum und Umwelt,Der Anteil Grünfläche ist für mich,Ein hoher Anteil Grünfläche ist für mich,,"30,3%"
2024,11,2023,2023,0.079,Gruenflaechenanteil,Anteil Grünfläche,12,Altstadt Kleinbasel,2,Raum und Umwelt,Der Anteil Grünfläche ist für mich,Ein hoher Anteil Grünfläche ist für mich,,"7,9%"
2024,11,2023,2023,0.159,Gruenflaechenanteil,Anteil Grünfläche,13,Clara,5,Raum und Umwelt,Der Anteil Grünfläche ist für mich,Ein hoher Anteil Grünfläche ist für mich,,"15,9%"
2024,11,2023,2023,0.282,Gruenflaechenanteil,Anteil Grünfläche,14,Wettstein,11,Raum und Umwelt,Der Anteil Grünfläche ist für mich,Ein hoher Anteil Grünfläche ist für mich,,"28,2%"
2024,11,2023,2023,0.597,Gruenflaechenanteil,Anteil Grünfläche,15,Hirzbrunnen,19,Raum und Umwelt,Der Anteil Grünfläche ist für mich,Ein hoher Anteil Grünfläche ist für mich,,"59,7%"
2024,11,2023,2023,0.157,Gruenflaechenanteil,Anteil Grünfläche,16,Rosental,4,Raum und Umwelt,Der Anteil Grünfläche ist für mich,Ein hoher Anteil Grünfläche ist für mich,,"15,7%"
2024,11,2023,2023,0.171,Gruenflaechenanteil,Anteil Grünfläche,17,Matthäus,6,Raum und Umwelt,Der Anteil Grünfläche ist für mich,Ein hoher Anteil Grünfläche ist für mich,,"17,1%"
2024,11,2023,2023,0.125,Gruenflaechenanteil,Anteil Grünfläche,18,Klybeck,3,Raum und Umwelt,Der Anteil Grünfläche ist für mich,Ein hoher Anteil Grünfläche ist für mich,,"12,5%"
2024,11,2023,2023,0.197,Gruenflaechenanteil,Anteil Grünfläche,19,Kleinhüningen,8,Raum und Umwelt,Der Anteil Grünfläche ist für mich,Ein hoher Anteil Grünfläche ist für mich,,"19,7%"
2024,11,2023,2023,0.791,Gruenflaechenanteil,Anteil Grünfläche,20,Riehen,21,Raum und Umwelt,Der Anteil Grünfläche ist für mich,Ein hoher Anteil Grünfläche ist für mich,,"79,1%"
2024,11,2023,2023,0.899,Gruenflaechenanteil,Anteil Grünfläche,30,Bettingen,22,Raum und Umwelt,Der Anteil Grünfläche ist für mich,Ein hoher Anteil Grünfläche ist für mich,,"89,9%"
2024,11,2023,2023,0.525,Gruenflaechenanteil,Anteil Grünfläche,99,Kanton Basel-Stadt,18,Raum und Umwelt,Der Anteil Grünfläche ist für mich,Ein hoher Anteil Grünfläche ist für mich,,"52,5%"
2024,12,2023,2023,88.222083,Flaecheprowohnung,Fläche pro Wohnung,1,Altstadt Grossbasel,17,Raum und Umwelt,Die Fläche pro Wohnung ist für mich,Eine hohe Fläche pro Wohnung ist für mich,m²,"88,2 m²"
2024,12,2023,2023,82.224013,Flaecheprowohnung,Fläche pro Wohnung,2,Vorstädte,15,Raum und Umwelt,Die Fläche pro Wohnung ist für mich,Eine hohe Fläche pro Wohnung ist für mich,m²,"82,2 m²"
2024,12,2023,2023,81.782338,Flaecheprowohnung,Fläche pro Wohnung,3,Am Ring,14,Raum und Umwelt,Die Fläche pro Wohnung ist für mich,Eine hohe Fläche pro Wohnung ist für mich,m²,"81,8 m²"
2024,12,2023,2023,70.770574,Flaecheprowohnung,Fläche pro Wohnung,4,Breite,8,Raum und Umwelt,Die Fläche pro Wohnung ist für mich,Eine hohe Fläche pro Wohnung ist für mich,m²,"70,8 m²"
2024,12,2023,2023,90.647359,Flaecheprowohnung,Fläche pro Wohnung,5,St. Alban,18,Raum und Umwelt,Die Fläche pro Wohnung ist für mich,Eine hohe Fläche pro Wohnung ist für mich,m²,"90,6 m²"
2024,12,2023,2023,70.180675,Flaecheprowohnung,Fläche pro Wohnung,6,Gundeldingen,6,Raum und Umwelt,Die Fläche pro Wohnung ist für mich,Eine hohe Fläche pro Wohnung ist für mich,m²,"70,2 m²"
2024,12,2023,2023,109.76468,Flaecheprowohnung,Fläche pro Wohnung,7,Bruderholz,21,Raum und Umwelt,Die Fläche pro Wohnung ist für mich,Eine hohe Fläche pro Wohnung ist für mich,m²,"109,8 m²"
2024,12,2023,2023,92.443066,Flaecheprowohnung,Fläche pro Wohnung,8,Bachletten,19,Raum und Umwelt,Die Fläche pro Wohnung ist für mich,Eine hohe Fläche pro Wohnung ist für mich,m²,"92,4 m²"
2024,12,2023,2023,74.560121,Flaecheprowohnung,Fläche pro Wohnung,9,Gotthelf,11,Raum und Umwelt,Die Fläche pro Wohnung ist für mich,Eine hohe Fläche pro Wohnung ist für mich,m²,"74,6 m²"
2024,12,2023,2023,68.915029,Flaecheprowohnung,Fläche pro Wohnung,10,Iselin,5,Raum und Umwelt,Die Fläche pro Wohnung ist für mich,Eine hohe Fläche pro Wohnung ist für mich,m²,"68,9 m²"
2024,12,2023,2023,72.194553,Flaecheprowohnung,Fläche pro Wohnung,11,St. Johann,10,Raum und Umwelt,Die Fläche pro Wohnung ist für mich,Eine hohe Fläche pro Wohnung ist für mich,m²,"72,2 m²"
2024,12,2023,2023,71.101967,Flaecheprowohnung,Fläche pro Wohnung,12,Altstadt Kleinbasel,9,Raum und Umwelt,Die Fläche pro Wohnung ist für mich,Eine hohe Fläche pro Wohnung ist für mich,m²,"71,1 m²"
2024,12,2023,2023,66.760574,Flaecheprowohnung,Fläche pro Wohnung,13,Clara,3,Raum und Umwelt,Die Fläche pro Wohnung ist für mich,Eine hohe Fläche pro Wohnung ist für mich,m²,"66,8 m²"
2024,12,2023,2023,82.875776,Flaecheprowohnung,Fläche pro Wohnung,14,Wettstein,16,Raum und Umwelt,Die Fläche pro Wohnung ist für mich,Eine hohe Fläche pro Wohnung ist für mich,m²,"82,9 m²"
2024,12,2023,2023,80.955426,Flaecheprowohnung,Fläche pro Wohnung,15,Hirzbrunnen,13,Raum und Umwelt,Die Fläche pro Wohnung ist für mich,Eine hohe Fläche pro Wohnung ist für mich,m²,"81,0 m²"
2024,12,2023,2023,70.212877,Flaecheprowohnung,Fläche pro Wohnung,16,Rosental,7,Raum und Umwelt,Die Fläche pro Wohnung ist für mich,Eine hohe Fläche pro Wohnung ist für mich,m²,"70,2 m²"
2024,12,2023,2023,67.117666,Flaecheprowohnung,Fläche pro Wohnung,17,Matthäus,4,Raum und Umwelt,Die Fläche pro Wohnung ist für mich,Eine hohe Fläche pro Wohnung ist für mich,m²,"67,1 m²"
2024,12,2023,2023,64.922508,Flaecheprowohnung,Fläche pro Wohnung,18,Klybeck,1,Raum und Umwelt,Die Fläche pro Wohnung ist für mich,Eine hohe Fläche pro Wohnung ist für mich,m²,"64,9 m²"
2024,12,2023,2023,66.547758,Flaecheprowohnung,Fläche pro Wohnung,19,Kleinhüningen,2,Raum und Umwelt,Die Fläche pro Wohnung ist für mich,Eine hohe Fläche pro Wohnung ist für mich,m²,"66,5 m²"
2024,12,2023,2023,102.453742,Flaecheprowohnung,Fläche pro Wohnung,20,Riehen,20,Raum und Umwelt,Die Fläche pro Wohnung ist für mich,Eine hohe Fläche pro Wohnung ist für mich,m²,"102,5 m²"
2024,12,2023,2023,120.159574,Flaecheprowohnung,Fläche pro Wohnung,30,Bettingen,22,Raum und Umwelt,Die Fläche pro Wohnung ist für mich,Eine hohe Fläche pro Wohnung ist für mich,m²,"120,2 m²"
2024,12,2023,2023,79.5,Flaecheprowohnung,Fläche pro Wohnung,99,Kanton Basel-Stadt,12,Raum und Umwelt,Die Fläche pro Wohnung ist für mich,Eine hohe Fläche pro Wohnung ist für mich,m²,"79,5 m²"
2024,13,2023,2023,53.671354,Wohnflaecheprokopf,Wohnfläche pro Kopf,1,Altstadt Grossbasel,22,Raum und Umwelt,Die Wohnfäche pro Kopf ist für mich,Eine hohe Wohnfäche pro Kopf ist für mich,m²,"53,7 m²"
2024,13,2023,2023,50.651554,Wohnflaecheprokopf,Wohnfläche pro Kopf,2,Vorstädte,20,Raum und Umwelt,Die Wohnfäche pro Kopf ist für mich,Eine hohe Wohnfäche pro Kopf ist für mich,m²,"50,7 m²"
2024,13,2023,2023,44.907467,Wohnflaecheprokopf,Wohnfläche pro Kopf,3,Am Ring,14,Raum und Umwelt,Die Wohnfäche pro Kopf ist für mich,Eine hohe Wohnfäche pro Kopf ist für mich,m²,"44,9 m²"
2024,13,2023,2023,39.351498,Wohnflaecheprokopf,Wohnfläche pro Kopf,4,Breite,9,Raum und Umwelt,Die Wohnfäche pro Kopf ist für mich,Eine hohe Wohnfäche pro Kopf ist für mich,m²,"39,4 m²"
2024,13,2023,2023,46.780812,Wohnflaecheprokopf,Wohnfläche pro Kopf,5,St. Alban,17,Raum und Umwelt,Die Wohnfäche pro Kopf ist für mich,Eine hohe Wohnfäche pro Kopf ist für mich,m²,"46,8 m²"
2024,13,2023,2023,39.418566,Wohnflaecheprokopf,Wohnfläche pro Kopf,6,Gundeldingen,10,Raum und Umwelt,Die Wohnfäche pro Kopf ist für mich,Eine hohe Wohnfäche pro Kopf ist für mich,m²,"39,4 m²"
2024,13,2023,2023,48.069764,Wohnflaecheprokopf,Wohnfläche pro Kopf,7,Bruderholz,19,Raum und Umwelt,Die Wohnfäche pro Kopf ist für mich,Eine hohe Wohnfäche pro Kopf ist für mich,m²,"48,1 m²"
2024,13,2023,2023,46.042694,Wohnflaecheprokopf,Wohnfläche pro Kopf,8,Bachletten,16,Raum und Umwelt,Die Wohnfäche pro Kopf ist für mich,Eine hohe Wohnfäche pro Kopf ist für mich,m²,"46,0 m²"
2024,13,2023,2023,41.311624,Wohnflaecheprokopf,Wohnfläche pro Kopf,9,Gotthelf,11,Raum und Umwelt,Die Wohnfäche pro Kopf ist für mich,Eine hohe Wohnfäche pro Kopf ist für mich,m²,"41,3 m²"
2024,13,2023,2023,37.176426,Wohnflaecheprokopf,Wohnfläche pro Kopf,10,Iselin,6,Raum und Umwelt,Die Wohnfäche pro Kopf ist für mich,Eine hohe Wohnfäche pro Kopf ist für mich,m²,"37,2 m²"
2024,13,2023,2023,36.766227,Wohnflaecheprokopf,Wohnfläche pro Kopf,11,St. Johann,4,Raum und Umwelt,Die Wohnfäche pro Kopf ist für mich,Eine hohe Wohnfäche pro Kopf ist für mich,m²,"36,8 m²"
2024,13,2023,2023,43.799128,Wohnflaecheprokopf,Wohnfläche pro Kopf,12,Altstadt Kleinbasel,13,Raum und Umwelt,Die Wohnfäche pro Kopf ist für mich,Eine hohe Wohnfäche pro Kopf ist für mich,m²,"43,8 m²"
2024,13,2023,2023,38.192867,Wohnflaecheprokopf,Wohnfläche pro Kopf,13,Clara,7,Raum und Umwelt,Die Wohnfäche pro Kopf ist für mich,Eine hohe Wohnfäche pro Kopf ist für mich,m²,"38,2 m²"
2024,13,2023,2023,45.504145,Wohnflaecheprokopf,Wohnfläche pro Kopf,14,Wettstein,15,Raum und Umwelt,Die Wohnfäche pro Kopf ist für mich,Eine hohe Wohnfäche pro Kopf ist für mich,m²,"45,5 m²"
2024,13,2023,2023,39.291271,Wohnflaecheprokopf,Wohnfläche pro Kopf,15,Hirzbrunnen,8,Raum und Umwelt,Die Wohnfäche pro Kopf ist für mich,Eine hohe Wohnfäche pro Kopf ist für mich,m²,"39,3 m²"
2024,13,2023,2023,35.356314,Wohnflaecheprokopf,Wohnfläche pro Kopf,16,Rosental,3,Raum und Umwelt,Die Wohnfäche pro Kopf ist für mich,Eine hohe Wohnfäche pro Kopf ist für mich,m²,"35,4 m²"
2024,13,2023,2023,36.807261,Wohnflaecheprokopf,Wohnfläche pro Kopf,17,Matthäus,5,Raum und Umwelt,Die Wohnfäche pro Kopf ist für mich,Eine hohe Wohnfäche pro Kopf ist für mich,m²,"36,8 m²"
2024,13,2023,2023,33.007923,Wohnflaecheprokopf,Wohnfläche pro Kopf,18,Klybeck,1,Raum und Umwelt,Die Wohnfäche pro Kopf ist für mich,Eine hohe Wohnfäche pro Kopf ist für mich,m²,"33,0 m²"
2024,13,2023,2023,33.352875,Wohnflaecheprokopf,Wohnfläche pro Kopf,19,Kleinhüningen,2,Raum und Umwelt,Die Wohnfäche pro Kopf ist für mich,Eine hohe Wohnfäche pro Kopf ist für mich,m²,"33,4 m²"
2024,13,2023,2023,46.939378,Wohnflaecheprokopf,Wohnfläche pro Kopf,20,Riehen,18,Raum und Umwelt,Die Wohnfäche pro Kopf ist für mich,Eine hohe Wohnfäche pro Kopf ist für mich,m²,"46,9 m²"
2024,13,2023,2023,51.957826,Wohnflaecheprokopf,Wohnfläche pro Kopf,30,Bettingen,21,Raum und Umwelt,Die Wohnfäche pro Kopf ist für mich,Eine hohe Wohnfäche pro Kopf ist für mich,m²,"52,0 m²"
2024,13,2023,2023,41.5,Wohnflaecheprokopf,Wohnfläche pro Kopf,99,Kanton Basel-Stadt,12,Raum und Umwelt,Die Wohnfäche pro Kopf ist für mich,Eine hohe Wohnfäche pro Kopf ist für mich,m²,"41,5 m²"
2024,14,2021,2021,6148.0,Vermoegenssteuer,Vermögenssteuer,1,Altstadt Grossbasel,19,Wirtschaft und Arbeit,Die Vermögenssteuer ist für mich,Eine hohe Vermögenssteuer ist für mich,Fr.,6 148 Fr.
2024,14,2021,2021,20164.0,Vermoegenssteuer,Vermögenssteuer,2,Vorstädte,22,Wirtschaft und Arbeit,Die Vermögenssteuer ist für mich,Eine hohe Vermögenssteuer ist für mich,Fr.,20 164 Fr.
2024,14,2021,2021,2313.0,Vermoegenssteuer,Vermögenssteuer,3,Am Ring,12,Wirtschaft und Arbeit,Die Vermögenssteuer ist für mich,Eine hohe Vermögenssteuer ist für mich,Fr.,2 313 Fr.
2024,14,2021,2021,633.0,Vermoegenssteuer,Vermögenssteuer,4,Breite,5,Wirtschaft und Arbeit,Die Vermögenssteuer ist für mich,Eine hohe Vermögenssteuer ist für mich,Fr.,633 Fr.
2024,14,2021,2021,5520.0,Vermoegenssteuer,Vermögenssteuer,5,St. Alban,18,Wirtschaft und Arbeit,Die Vermögenssteuer ist für mich,Eine hohe Vermögenssteuer ist für mich,Fr.,5 520 Fr.
2024,14,2021,2021,750.0,Vermoegenssteuer,Vermögenssteuer,6,Gundeldingen,9,Wirtschaft und Arbeit,Die Vermögenssteuer ist für mich,Eine hohe Vermögenssteuer ist für mich,Fr.,750 Fr.
2024,14,2021,2021,16202.0,Vermoegenssteuer,Vermögenssteuer,7,Bruderholz,20,Wirtschaft und Arbeit,Die Vermögenssteuer ist für mich,Eine hohe Vermögenssteuer ist für mich,Fr.,16 202 Fr.
2024,14,2021,2021,2606.0,Vermoegenssteuer,Vermögenssteuer,8,Bachletten,14,Wirtschaft und Arbeit,Die Vermögenssteuer ist für mich,Eine hohe Vermögenssteuer ist für mich,Fr.,2 606 Fr.
2024,14,2021,2021,4742.0,Vermoegenssteuer,Vermögenssteuer,9,Gotthelf,17,Wirtschaft und Arbeit,Die Vermögenssteuer ist für mich,Eine hohe Vermögenssteuer ist für mich,Fr.,4 742 Fr.
2024,14,2021,2021,513.0,Vermoegenssteuer,Vermögenssteuer,10,Iselin,4,Wirtschaft und Arbeit,Die Vermögenssteuer ist für mich,Eine hohe Vermögenssteuer ist für mich,Fr.,513 Fr.
2024,14,2021,2021,688.0,Vermoegenssteuer,Vermögenssteuer,11,St. Johann,6,Wirtschaft und Arbeit,Die Vermögenssteuer ist für mich,Eine hohe Vermögenssteuer ist für mich,Fr.,688 Fr.
2024,14,2021,2021,1339.0,Vermoegenssteuer,Vermögenssteuer,12,Altstadt Kleinbasel,11,Wirtschaft und Arbeit,Die Vermögenssteuer ist für mich,Eine hohe Vermögenssteuer ist für mich,Fr.,1 339 Fr.
2024,14,2021,2021,692.0,Vermoegenssteuer,Vermögenssteuer,13,Clara,7,Wirtschaft und Arbeit,Die Vermögenssteuer ist für mich,Eine hohe Vermögenssteuer ist für mich,Fr.,692 Fr.
2024,14,2021,2021,2369.0,Vermoegenssteuer,Vermögenssteuer,14,Wettstein,13,Wirtschaft und Arbeit,Die Vermögenssteuer ist für mich,Eine hohe Vermögenssteuer ist für mich,Fr.,2 369 Fr.
2024,14,2021,2021,806.0,Vermoegenssteuer,Vermögenssteuer,15,Hirzbrunnen,10,Wirtschaft und Arbeit,Die Vermögenssteuer ist für mich,Eine hohe Vermögenssteuer ist für mich,Fr.,806 Fr.
2024,14,2021,2021,372.0,Vermoegenssteuer,Vermögenssteuer,16,Rosental,3,Wirtschaft und Arbeit,Die Vermögenssteuer ist für mich,Eine hohe Vermögenssteuer ist für mich,Fr.,372 Fr.
2024,14,2021,2021,723.0,Vermoegenssteuer,Vermögenssteuer,17,Matthäus,8,Wirtschaft und Arbeit,Die Vermögenssteuer ist für mich,Eine hohe Vermögenssteuer ist für mich,Fr.,723 Fr.
2024,14,2021,2021,245.0,Vermoegenssteuer,Vermögenssteuer,18,Klybeck,2,Wirtschaft und Arbeit,Die Vermögenssteuer ist für mich,Eine hohe Vermögenssteuer ist für mich,Fr.,245 Fr.
2024,14,2021,2021,232.0,Vermoegenssteuer,Vermögenssteuer,19,Kleinhüningen,1,Wirtschaft und Arbeit,Die Vermögenssteuer ist für mich,Eine hohe Vermögenssteuer ist für mich,Fr.,232 Fr.
2024,14,2021,2021,3703.0,Vermoegenssteuer,Vermögenssteuer,20,Riehen,16,Wirtschaft und Arbeit,Die Vermögenssteuer ist für mich,Eine hohe Vermögenssteuer ist für mich,Fr.,3 703 Fr.
2024,14,2021,2021,16722.0,Vermoegenssteuer,Vermögenssteuer,30,Bettingen,21,Wirtschaft und Arbeit,Die Vermögenssteuer ist für mich,Eine hohe Vermögenssteuer ist für mich,Fr.,16 722 Fr.
2024,14,2021,2021,3012.0,Vermoegenssteuer,Vermögenssteuer,99,Kanton Basel-Stadt,15,Wirtschaft und Arbeit,Die Vermögenssteuer ist für mich,Eine hohe Vermögenssteuer ist für mich,Fr.,3 012 Fr.
2024,15,2021,2021,27554.0,Einkommenssteuer,Einkommenssteuer,1,Altstadt Grossbasel,21,Wirtschaft und Arbeit,Die Einkommenssteuer ist für mich,Eine hohe Einkommenssteuer ist für mich,Fr.,27 554 Fr.
2024,15,2021,2021,34601.0,Einkommenssteuer,Einkommenssteuer,2,Vorstädte,22,Wirtschaft und Arbeit,Die Einkommenssteuer ist für mich,Eine hohe Einkommenssteuer ist für mich,Fr.,34 601 Fr.
2024,15,2021,2021,12813.0,Einkommenssteuer,Einkommenssteuer,3,Am Ring,15,Wirtschaft und Arbeit,Die Einkommenssteuer ist für mich,Eine hohe Einkommenssteuer ist für mich,Fr.,12 813 Fr.
2024,15,2021,2021,7640.0,Einkommenssteuer,Einkommenssteuer,4,Breite,7,Wirtschaft und Arbeit,Die Einkommenssteuer ist für mich,Eine hohe Einkommenssteuer ist für mich,Fr.,7 640 Fr.
2024,15,2021,2021,17138.0,Einkommenssteuer,Einkommenssteuer,5,St. Alban,18,Wirtschaft und Arbeit,Die Einkommenssteuer ist für mich,Eine hohe Einkommenssteuer ist für mich,Fr.,17 138 Fr.
2024,15,2021,2021,8220.0,Einkommenssteuer,Einkommenssteuer,6,Gundeldingen,10,Wirtschaft und Arbeit,Die Einkommenssteuer ist für mich,Eine hohe Einkommenssteuer ist für mich,Fr.,8 220 Fr.
2024,15,2021,2021,24476.0,Einkommenssteuer,Einkommenssteuer,7,Bruderholz,19,Wirtschaft und Arbeit,Die Einkommenssteuer ist für mich,Eine hohe Einkommenssteuer ist für mich,Fr.,24 476 Fr.
2024,15,2021,2021,12524.0,Einkommenssteuer,Einkommenssteuer,8,Bachletten,14,Wirtschaft und Arbeit,Die Einkommenssteuer ist für mich,Eine hohe Einkommenssteuer ist für mich,Fr.,12 524 Fr.
2024,15,2021,2021,9558.0,Einkommenssteuer,Einkommenssteuer,9,Gotthelf,12,Wirtschaft und Arbeit,Die Einkommenssteuer ist für mich,Eine hohe Einkommenssteuer ist für mich,Fr.,9 558 Fr.
2024,15,2021,2021,6336.0,Einkommenssteuer,Einkommenssteuer,10,Iselin,3,Wirtschaft und Arbeit,Die Einkommenssteuer ist für mich,Eine hohe Einkommenssteuer ist für mich,Fr.,6 336 Fr.
2024,15,2021,2021,7243.0,Einkommenssteuer,Einkommenssteuer,11,St. Johann,6,Wirtschaft und Arbeit,Die Einkommenssteuer ist für mich,Eine hohe Einkommenssteuer ist für mich,Fr.,7 243 Fr.
2024,15,2021,2021,9097.0,Einkommenssteuer,Einkommenssteuer,12,Altstadt Kleinbasel,11,Wirtschaft und Arbeit,Die Einkommenssteuer ist für mich,Eine hohe Einkommenssteuer ist für mich,Fr.,9 097 Fr.
2024,15,2021,2021,7233.0,Einkommenssteuer,Einkommenssteuer,13,Clara,5,Wirtschaft und Arbeit,Die Einkommenssteuer ist für mich,Eine hohe Einkommenssteuer ist für mich,Fr.,7 233 Fr.
2024,15,2021,2021,14822.0,Einkommenssteuer,Einkommenssteuer,14,Wettstein,17,Wirtschaft und Arbeit,Die Einkommenssteuer ist für mich,Eine hohe Einkommenssteuer ist für mich,Fr.,14 822 Fr.
2024,15,2021,2021,8138.0,Einkommenssteuer,Einkommenssteuer,15,Hirzbrunnen,8,Wirtschaft und Arbeit,Die Einkommenssteuer ist für mich,Eine hohe Einkommenssteuer ist für mich,Fr.,8 138 Fr.
2024,15,2021,2021,8159.0,Einkommenssteuer,Einkommenssteuer,16,Rosental,9,Wirtschaft und Arbeit,Die Einkommenssteuer ist für mich,Eine hohe Einkommenssteuer ist für mich,Fr.,8 159 Fr.
2024,15,2021,2021,7033.0,Einkommenssteuer,Einkommenssteuer,17,Matthäus,4,Wirtschaft und Arbeit,Die Einkommenssteuer ist für mich,Eine hohe Einkommenssteuer ist für mich,Fr.,7 033 Fr.
2024,15,2021,2021,4607.0,Einkommenssteuer,Einkommenssteuer,18,Klybeck,1,Wirtschaft und Arbeit,Die Einkommenssteuer ist für mich,Eine hohe Einkommenssteuer ist für mich,Fr.,4 607 Fr.
2024,15,2021,2021,4716.0,Einkommenssteuer,Einkommenssteuer,19,Kleinhüningen,2,Wirtschaft und Arbeit,Die Einkommenssteuer ist für mich,Eine hohe Einkommenssteuer ist für mich,Fr.,4 716 Fr.
2024,15,2021,2021,13467.0,Einkommenssteuer,Einkommenssteuer,20,Riehen,16,Wirtschaft und Arbeit,Die Einkommenssteuer ist für mich,Eine hohe Einkommenssteuer ist für mich,Fr.,13 467 Fr.
2024,15,2021,2021,26400.0,Einkommenssteuer,Einkommenssteuer,30,Bettingen,20,Wirtschaft und Arbeit,Die Einkommenssteuer ist für mich,Eine hohe Einkommenssteuer ist für mich,Fr.,26 400 Fr.
2024,15,2021,2021,11285.0,Einkommenssteuer,Einkommenssteuer,99,Kanton Basel-Stadt,13,Wirtschaft und Arbeit,Die Einkommenssteuer ist für mich,Eine hohe Einkommenssteuer ist für mich,Fr.,11 285 Fr.
2024,16,2018-2022,2018-2022,0.7813881,Erwerbstaetigenquote,Erwerbstätigenquote,1,Altstadt Grossbasel,20,Wirtschaft und Arbeit,Die Erwerbstätigenquote ist für mich,Eine hohe Erwerbstätigenquote ist für mich,,"78,1%"
2024,16,2018-2022,2018-2022,0.7603255,Erwerbstaetigenquote,Erwerbstätigenquote,2,Vorstädte,18,Wirtschaft und Arbeit,Die Erwerbstätigenquote ist für mich,Eine hohe Erwerbstätigenquote ist für mich,, 76%
2024,16,2018-2022,2018-2022,0.7753934,Erwerbstaetigenquote,Erwerbstätigenquote,3,Am Ring,19,Wirtschaft und Arbeit,Die Erwerbstätigenquote ist für mich,Eine hohe Erwerbstätigenquote ist für mich,,"77,5%"
2024,16,2018-2022,2018-2022,0.7047208,Erwerbstaetigenquote,Erwerbstätigenquote,4,Breite,7,Wirtschaft und Arbeit,Die Erwerbstätigenquote ist für mich,Eine hohe Erwerbstätigenquote ist für mich,,"70,5%"
2024,16,2018-2022,2018-2022,0.7233697,Erwerbstaetigenquote,Erwerbstätigenquote,5,St. Alban,14,Wirtschaft und Arbeit,Die Erwerbstätigenquote ist für mich,Eine hohe Erwerbstätigenquote ist für mich,,"72,3%"
2024,16,2018-2022,2018-2022,0.7519531,Erwerbstaetigenquote,Erwerbstätigenquote,6,Gundeldingen,17,Wirtschaft und Arbeit,Die Erwerbstätigenquote ist für mich,Eine hohe Erwerbstätigenquote ist für mich,,"75,2%"
2024,16,2018-2022,2018-2022,0.7167777,Erwerbstaetigenquote,Erwerbstätigenquote,7,Bruderholz,11,Wirtschaft und Arbeit,Die Erwerbstätigenquote ist für mich,Eine hohe Erwerbstätigenquote ist für mich,,"71,7%"
2024,16,2018-2022,2018-2022,0.7471028,Erwerbstaetigenquote,Erwerbstätigenquote,8,Bachletten,16,Wirtschaft und Arbeit,Die Erwerbstätigenquote ist für mich,Eine hohe Erwerbstätigenquote ist für mich,,"74,7%"
2024,16,2018-2022,2018-2022,0.734909,Erwerbstaetigenquote,Erwerbstätigenquote,9,Gotthelf,15,Wirtschaft und Arbeit,Die Erwerbstätigenquote ist für mich,Eine hohe Erwerbstätigenquote ist für mich,,"73,5%"
2024,16,2018-2022,2018-2022,0.6972724,Erwerbstaetigenquote,Erwerbstätigenquote,10,Iselin,6,Wirtschaft und Arbeit,Die Erwerbstätigenquote ist für mich,Eine hohe Erwerbstätigenquote ist für mich,,"69,7%"
2024,16,2018-2022,2018-2022,0.7151063,Erwerbstaetigenquote,Erwerbstätigenquote,11,St. Johann,9,Wirtschaft und Arbeit,Die Erwerbstätigenquote ist für mich,Eine hohe Erwerbstätigenquote ist für mich,,"71,5%"
2024,16,2018-2022,2018-2022,0.8067397,Erwerbstaetigenquote,Erwerbstätigenquote,12,Altstadt Kleinbasel,21,Wirtschaft und Arbeit,Die Erwerbstätigenquote ist für mich,Eine hohe Erwerbstätigenquote ist für mich,,"80,7%"
2024,16,2018-2022,2018-2022,0.7159412,Erwerbstaetigenquote,Erwerbstätigenquote,13,Clara,10,Wirtschaft und Arbeit,Die Erwerbstätigenquote ist für mich,Eine hohe Erwerbstätigenquote ist für mich,,"71,6%"
2024,16,2018-2022,2018-2022,0.821088,Erwerbstaetigenquote,Erwerbstätigenquote,14,Wettstein,22,Wirtschaft und Arbeit,Die Erwerbstätigenquote ist für mich,Eine hohe Erwerbstätigenquote ist für mich,,"82,1%"
2024,16,2018-2022,2018-2022,0.7228669,Erwerbstaetigenquote,Erwerbstätigenquote,15,Hirzbrunnen,13,Wirtschaft und Arbeit,Die Erwerbstätigenquote ist für mich,Eine hohe Erwerbstätigenquote ist für mich,,"72,3%"
2024,16,2018-2022,2018-2022,0.6929327,Erwerbstaetigenquote,Erwerbstätigenquote,16,Rosental,3,Wirtschaft und Arbeit,Die Erwerbstätigenquote ist für mich,Eine hohe Erwerbstätigenquote ist für mich,,"69,3%"
2024,16,2018-2022,2018-2022,0.7146829,Erwerbstaetigenquote,Erwerbstätigenquote,17,Matthäus,8,Wirtschaft und Arbeit,Die Erwerbstätigenquote ist für mich,Eine hohe Erwerbstätigenquote ist für mich,,"71,5%"
2024,16,2018-2022,2018-2022,0.6352123,Erwerbstaetigenquote,Erwerbstätigenquote,18,Klybeck,2,Wirtschaft und Arbeit,Die Erwerbstätigenquote ist für mich,Eine hohe Erwerbstätigenquote ist für mich,,"63,5%"
2024,16,2018-2022,2018-2022,0.5525901,Erwerbstaetigenquote,Erwerbstätigenquote,19,Kleinhüningen,1,Wirtschaft und Arbeit,Die Erwerbstätigenquote ist für mich,Eine hohe Erwerbstätigenquote ist für mich,,"55,3%"
2024,16,2018-2022,2018-2022,0.6957735,Erwerbstaetigenquote,Erwerbstätigenquote,20,Riehen,4,Wirtschaft und Arbeit,Die Erwerbstätigenquote ist für mich,Eine hohe Erwerbstätigenquote ist für mich,,"69,6%"
2024,16,2018-2022,2018-2022,0.6957735,Erwerbstaetigenquote,Erwerbstätigenquote,30,Bettingen,4,Wirtschaft und Arbeit,Die Erwerbstätigenquote ist für mich,Eine hohe Erwerbstätigenquote ist für mich,,"69,6%"
2024,16,2018-2022,2018-2022,0.721,Erwerbstaetigenquote,Erwerbstätigenquote,99,Kanton Basel-Stadt,12,Wirtschaft und Arbeit,Die Erwerbstätigenquote ist für mich,Eine hohe Erwerbstätigenquote ist für mich,,"72,1%"
2024,17,2021,2021,3.6851086,Arbeitsplaetzeprokopf,Arbeitsplätze pro Kopf,1,Altstadt Grossbasel,21,Wirtschaft und Arbeit,Der Anteil Arbeitsplätze pro Kopf ist für mich,Ein hoher Anteil Arbeitsplätze pro Kopf ist für mich,,"3,69"
2024,17,2021,2021,4.622108,Arbeitsplaetzeprokopf,Arbeitsplätze pro Kopf,2,Vorstädte,22,Wirtschaft und Arbeit,Der Anteil Arbeitsplätze pro Kopf ist für mich,Ein hoher Anteil Arbeitsplätze pro Kopf ist für mich,,"4,62"
2024,17,2021,2021,0.939805,Arbeitsplaetzeprokopf,Arbeitsplätze pro Kopf,3,Am Ring,15,Wirtschaft und Arbeit,Der Anteil Arbeitsplätze pro Kopf ist für mich,Ein hoher Anteil Arbeitsplätze pro Kopf ist für mich,,"0,94"
2024,17,2021,2021,0.1370058,Arbeitsplaetzeprokopf,Arbeitsplätze pro Kopf,4,Breite,2,Wirtschaft und Arbeit,Der Anteil Arbeitsplätze pro Kopf ist für mich,Ein hoher Anteil Arbeitsplätze pro Kopf ist für mich,,"0,137"
2024,17,2021,2021,2.3068373,Arbeitsplaetzeprokopf,Arbeitsplätze pro Kopf,5,St. Alban,19,Wirtschaft und Arbeit,Der Anteil Arbeitsplätze pro Kopf ist für mich,Ein hoher Anteil Arbeitsplätze pro Kopf ist für mich,,"2,31"
2024,17,2021,2021,0.6064143,Arbeitsplaetzeprokopf,Arbeitsplätze pro Kopf,6,Gundeldingen,12,Wirtschaft und Arbeit,Der Anteil Arbeitsplätze pro Kopf ist für mich,Ein hoher Anteil Arbeitsplätze pro Kopf ist für mich,,"0,606"
2024,17,2021,2021,0.1238738,Arbeitsplaetzeprokopf,Arbeitsplätze pro Kopf,7,Bruderholz,1,Wirtschaft und Arbeit,Der Anteil Arbeitsplätze pro Kopf ist für mich,Ein hoher Anteil Arbeitsplätze pro Kopf ist für mich,,"0,124"
2024,17,2021,2021,0.1876437,Arbeitsplaetzeprokopf,Arbeitsplätze pro Kopf,8,Bachletten,7,Wirtschaft und Arbeit,Der Anteil Arbeitsplätze pro Kopf ist für mich,Ein hoher Anteil Arbeitsplätze pro Kopf ist für mich,,"0,188"
2024,17,2021,2021,0.2895991,Arbeitsplaetzeprokopf,Arbeitsplätze pro Kopf,9,Gotthelf,9,Wirtschaft und Arbeit,Der Anteil Arbeitsplätze pro Kopf ist für mich,Ein hoher Anteil Arbeitsplätze pro Kopf ist für mich,,"0,29"
2024,17,2021,2021,0.1657527,Arbeitsplaetzeprokopf,Arbeitsplätze pro Kopf,10,Iselin,5,Wirtschaft und Arbeit,Der Anteil Arbeitsplätze pro Kopf ist für mich,Ein hoher Anteil Arbeitsplätze pro Kopf ist für mich,,"0,166"
2024,17,2021,2021,1.023927,Arbeitsplaetzeprokopf,Arbeitsplätze pro Kopf,11,St. Johann,16,Wirtschaft und Arbeit,Der Anteil Arbeitsplätze pro Kopf ist für mich,Ein hoher Anteil Arbeitsplätze pro Kopf ist für mich,,"1,02"
2024,17,2021,2021,1.8234557,Arbeitsplaetzeprokopf,Arbeitsplätze pro Kopf,12,Altstadt Kleinbasel,17,Wirtschaft und Arbeit,Der Anteil Arbeitsplätze pro Kopf ist für mich,Ein hoher Anteil Arbeitsplätze pro Kopf ist für mich,,"1,82"
2024,17,2021,2021,0.4957204,Arbeitsplaetzeprokopf,Arbeitsplätze pro Kopf,13,Clara,11,Wirtschaft und Arbeit,Der Anteil Arbeitsplätze pro Kopf ist für mich,Ein hoher Anteil Arbeitsplätze pro Kopf ist für mich,,"0,496"
2024,17,2021,2021,1.8331939,Arbeitsplaetzeprokopf,Arbeitsplätze pro Kopf,14,Wettstein,18,Wirtschaft und Arbeit,Der Anteil Arbeitsplätze pro Kopf ist für mich,Ein hoher Anteil Arbeitsplätze pro Kopf ist für mich,,"1,83"
2024,17,2021,2021,0.2816528,Arbeitsplaetzeprokopf,Arbeitsplätze pro Kopf,15,Hirzbrunnen,8,Wirtschaft und Arbeit,Der Anteil Arbeitsplätze pro Kopf ist für mich,Ein hoher Anteil Arbeitsplätze pro Kopf ist für mich,,"0,282"
2024,17,2021,2021,0.6296403,Arbeitsplaetzeprokopf,Arbeitsplätze pro Kopf,16,Rosental,13,Wirtschaft und Arbeit,Der Anteil Arbeitsplätze pro Kopf ist für mich,Ein hoher Anteil Arbeitsplätze pro Kopf ist für mich,,"0,63"
2024,17,2021,2021,0.1704631,Arbeitsplaetzeprokopf,Arbeitsplätze pro Kopf,17,Matthäus,6,Wirtschaft und Arbeit,Der Anteil Arbeitsplätze pro Kopf ist für mich,Ein hoher Anteil Arbeitsplätze pro Kopf ist für mich,,"0,17"
2024,17,2021,2021,0.4584357,Arbeitsplaetzeprokopf,Arbeitsplätze pro Kopf,18,Klybeck,10,Wirtschaft und Arbeit,Der Anteil Arbeitsplätze pro Kopf ist für mich,Ein hoher Anteil Arbeitsplätze pro Kopf ist für mich,,"0,458"
2024,17,2021,2021,2.3079066,Arbeitsplaetzeprokopf,Arbeitsplätze pro Kopf,19,Kleinhüningen,20,Wirtschaft und Arbeit,Der Anteil Arbeitsplätze pro Kopf ist für mich,Ein hoher Anteil Arbeitsplätze pro Kopf ist für mich,,"2,31"
2024,17,2021,2021,0.1556797,Arbeitsplaetzeprokopf,Arbeitsplätze pro Kopf,20,Riehen,3,Wirtschaft und Arbeit,Der Anteil Arbeitsplätze pro Kopf ist für mich,Ein hoher Anteil Arbeitsplätze pro Kopf ist für mich,,"0,156"
2024,17,2021,2021,0.1651224,Arbeitsplaetzeprokopf,Arbeitsplätze pro Kopf,30,Bettingen,4,Wirtschaft und Arbeit,Der Anteil Arbeitsplätze pro Kopf ist für mich,Ein hoher Anteil Arbeitsplätze pro Kopf ist für mich,,"0,165"
2024,17,2021,2021,0.75,Arbeitsplaetzeprokopf,Arbeitsplätze pro Kopf,99,Kanton Basel-Stadt,14,Wirtschaft und Arbeit,Der Anteil Arbeitsplätze pro Kopf ist für mich,Ein hoher Anteil Arbeitsplätze pro Kopf ist für mich,,"0,75"
